order_id,customer_id,order_amount,order_date,status
a5a7a595-9b62-46d2-86cf-07bfb73e54c3,8fff29f7-3485-4fcd-af3b-2b185ea2d56b,726.34,02-Oct-2023,Returned
7b163453-7042-4b9e-8612-85a7b6fac9b9,e79f9f3d-19ee-4c3b-b93c-4b0bb93b770c,59.58,18-Aug-2024,completed
cfc91b52-4aff-40a0-8f4e-2726b9dd378e,4c56fb8f-0bb4-42b3-92e7-6deb10b6a662,680.0,2025-04-03,completed
c4cd8e19-b9a3-473d-9283-4904d40bf9dc,1a0b6310-397a-4dc8-9c31-d9b9fda2f9a0,19.58,2024-05-05,Delivered
ed696cb3-b774-461d-a641-01fa5d0607cc,2ccf1472-42d7-4112-8130-d66b932d1648,955.54,2023-07-31,Delivered
6db7fa7e-70a6-478b-a64e-2384a117b864,b24b007b-4c66-404f-a4b1-1c490c0cf61e,122.69,2024-08-01,completed
d8d99ad8-255f-40b9-9a87-09bd1fc23099,4fe66636-f612-4d2c-ae73-00eb639d8fe7,483.46,2025-03-03,Shipped
c0ea7a67-946e-4ec2-9342-2e50c2086227,a8149562-da00-4f16-b946-9bcf4082cbb9,729.15,20-Jan-2024,Completed
5dd09e34-2b40-48da-b8d4-9cf21c9ddbd3,33ca9a6b-ccd3-4f7c-af1d-cfb88a962a11,487.85,2025-03-06,Cancelled
e9b8b3ea-2456-4767-96ff-66fda812cf1b,6c17e150-1447-46cc-8352-acea3878becf,615.24,16-May-2024,CANCELLED
43b6c6ef-35c8-4133-bb8b-1581cba95e23,34fe6da8-07e8-4429-a4fa-6417109792a4,488.25,2024-01-05,Returned
12f638e6-b197-403c-a45c-7178547c9030,793b4c32-2050-4494-bd11-48022702878b,658.42,2023-09-14,Cancelled
c0a40088-7dd7-4c59-b586-74b5e631a9ee,d4c0df28-91b5-4cb4-8331-bd0d13ba8d24,726.54,2024-06-20,completed
4b9842c5-57aa-4681-828f-54aac1c97ab6,f06dca24-7bc6-4121-bb64-a525bc653d94,691.36,07-Jan-2024,CANCELLED
734bda19-c991-46cc-94a6-368b71d60744,2321e64e-620d-4a1f-879f-66281674eb65,667.07,17-Dec-2024,completed
982c7129-4679-4e6e-9177-99724207291e,db8ec35b-3c83-461e-9df0-a0a288efe82b,616.78,2024-12-25,Cancelled
859353fa-25e4-4633-a3d8-6a4fc2e60c05,4a3fcfda-7aff-49bd-b9e5-8450334a34a8,500.88,2023-07-28,Delivered
5ef0195e-e152-4c3a-b894-de0606a4093b,50a46c85-d9d5-4b02-82d0-4d554aab47b2,285.38,2024-02-10,Returned
4e8172da-4a8d-4853-b6bb-cd585cdb7eda,bbf8da91-37a9-4824-aafa-4d5b91ae3d4c,88.04,2024-09-10,Completed
4e0387ad-a246-4a52-9150-d9b22886825e,8e74b39c-92e3-4940-a32c-5e99fd26a41b,322.9,07-Jan-2025,Completed
4b7d3b08-ac5b-4e79-b09a-d1abb68c55b2,fc04a168-652f-4b49-b873-e57f0ba078e8,45.47,2024-07-04,completed
20e8dae1-b1f0-4d9b-8e21-7fb3be654bf9,85764472-4fef-463f-8d41-d66082fce908,641.16,28-Oct-2023,CANCELLED
625cade5-dbf1-4941-8ad6-53d09b81ce24,ad68fb45-02de-42e6-837a-927babe05b22,347.45,22-Oct-2023,completed
d9d5d66c-072b-40ed-ba58-d606a302db2f,0fbd4c81-a900-4ecd-a51e-01ad7e8a2078,769.74,2024-01-16,Delivered
95906901-25fb-4421-8d8e-8fdb954e95fb,f23b1efb-0bd1-4d4a-8cf4-1edd3f9304fa,106.46,12-Dec-2023,
82330e6e-b89c-46e9-9d39-b50542696d14,09aa5570-9be9-40c7-947d-7bfc5eef0d1e,964.79,2023-07-10,CANCELLED
67e56f19-844e-4e8b-bf01-8ec6dec78f9e,5543fc3c-38b8-424e-96ea-57b3beed10b6,,2025-01-30,CANCELLED
f8ef6c71-2b9f-4f6a-a666-a9b49e5364dc,eced9c30-721d-483c-b464-99f43163b274,115.89,05-Jul-2024,completed
da44ae00-964e-41dd-a7e7-8bbaa4d37418,5295ea96-487b-45d7-9cf0-23dd277529a2,826.31,2024-03-24,completed
60c336eb-5fd6-49e6-85f9-70f75075b7d1,47bac8aa-f2f9-4b2c-8e10-814ff1b2f143,,24-Jul-2024,Completed
2b4b8171-a5fc-40b5-bc39-115fed13bac8,90968629-91f3-40f4-ba06-988915c52392,462.81,2025-05-03,Returned
7be75206-2ce6-4f9f-bb67-caba8675ec71,ce177b4e-0837-48a3-9261-a7ab3aa2e4f9,58.09,07-May-2025,Returned
f26b3379-ab32-4c3a-83a4-bf4b613f50db,3768b54a-bb0c-486a-9a5c-a75227051d96,921.95,2025-05-27,CANCELLED
34d88c51-4f2e-43eb-b98e-249757a55d1a,b24b007b-4c66-404f-a4b1-1c490c0cf61e,393.53,20-Aug-2023,Cancelled
c72bf2e8-9bcf-4969-873f-b005266c3392,343c1752-3caa-431e-93d3-c72682d33948,979.71,22-Dec-2023,Delivered
326acdea-a666-4e73-9e9d-8b00ca0de08e,317046b9-3080-4a5d-a2a5-0eec881af04f,970.79,2025-01-17,Returned
e9a6df13-91c4-48c6-b596-1b937fb0b7b6,e8c35a79-504e-44ac-be21-6c79b8b791b0,750.94,2024-04-02,completed
bf0aabdf-d708-4dc7-831f-9724e80368e2,9215583a-9532-4aba-baf9-85ff8ff19886,936.16,08-Nov-2024,Cancelled
862c9e66-c9a5-4042-8878-6b08d1a33332,f736df7e-351c-486a-80c3-d59ec0e5ea1a,351.84,17-Apr-2025,CANCELLED
5d124a22-33d9-414f-bdca-f0893a768ae2,b74a3db6-e223-4fc0-8291-46caf5239f95,508.85,28-May-2025,Completed
194d9447-a05b-4230-a603-854f08683cbf,cbfe68f0-b8a9-4704-b25a-a10d63fe557c,485.57,2024-11-27,Returned
8da40d27-457f-4a84-9133-ded481e60c4c,63a1bcaa-0311-4626-90f5-1e97a76c11cb,842.98,2024-03-12,completed
df63bcb2-89a8-4d04-bdc3-13b8d8bb254c,38602ab6-96a4-42f2-bae8-cc938dcdcd03,35.02,2024-08-19,Shipped
725687c2-0e54-4d51-8c44-5778f86e92d6,6319629b-d73e-4bb9-8f9c-a17b8db8dadf,169.33,2023-08-31,completed
418df073-3ea4-46b8-bf7b-16ec85dff8e2,ebd34616-91b7-4d8e-9301-6989bfbbb17f,302.19,13-Sep-2024,
efb38c42-b090-4da2-aec4-6bfebd4ba9cd,6202f35d-9756-4d33-93ae-106599f75c76,619.95,11-Mar-2025,Shipped
b08c147d-3a74-4c44-bebe-066cdb869a02,eced9c30-721d-483c-b464-99f43163b274,395.0,2024-11-17,CANCELLED
fab87bb6-0a4c-4231-ad6c-18d074c0bea3,0131ff3b-6221-4670-ba36-e788f71fb9a6,56.51,2025-01-08,completed
176350f5-4708-442e-8d4e-46c5440910e2,b74a3db6-e223-4fc0-8291-46caf5239f95,966.17,2024-10-16,Shipped
eadf1b58-d4a8-4169-bbbb-fd6730a4c4b0,1ef7a52e-e645-4b00-93e6-dc21f10b394d,861.84,2025-01-28,CANCELLED
85c65764-21ee-4a3d-a733-c344e7f8daa8,4bfca0ca-f161-4bab-90ef-1299250b1c5a,374.06,2023-08-19,Shipped
3e72e402-3a43-47a1-b52d-ed780f94db38,aed0cbcf-c630-4536-b677-9a11e403999b,201.56,2024-02-21,Completed
76da7bc3-7a2f-4c57-94ce-23b7c2fd7e2d,2bdfcb41-b3ed-48f1-826b-5383a301ec03,737.73,2024-09-27,
0d13c33b-c80a-47cf-a1b3-349889747baf,c7c1fb1b-dd58-431b-8522-26b983666636,138.77,2023-09-15,Delivered
3248f699-12b3-43eb-a247-a4f5ca3e7f3a,d9f850e9-13ad-4ead-816e-bf3220775ce4,163.26,2024-03-04,Completed
79dd7b95-1558-4c6d-b120-3b7a1dcccf24,61d21319-cbcb-4293-9651-224006103d84,619.45,06-Jul-2024,Cancelled
3709d7d3-96e1-4645-8ad8-af05199177b9,a0733e57-ba03-41f9-90ed-01d3ef444cf5,786.19,2023-12-01,Shipped
02754eca-91bf-403d-8cca-3dda7cbb2627,de4beb12-6fa2-4f92-90c9-7f007b011fdd,510.09,2024-10-07,Completed
1c8cd498-e7ad-495b-9c73-9cbc6e047758,b298b811-0b1e-4578-9ff4-7c515ed10e7f,221.22,2024-09-24,Shipped
a48339f7-c703-4a4c-b150-f94fe2f2cf57,7d01d706-58cc-49bb-9258-199888bbc5bb,535.19,10-Jan-2025,CANCELLED
9d4a305f-a28a-408d-8e46-abf396c49c44,e037e5ed-b8db-4672-b42d-47cc00d4af59,352.55,2023-11-29,Cancelled
40728ad4-0020-42c6-be03-4a0e74cd173b,73b0d676-3527-45c8-8534-ca08f6f24d1c,685.73,2025-02-06,Completed
7e1b5edf-454f-4d2d-99f2-587c683c3806,4fe66636-f612-4d2c-ae73-00eb639d8fe7,726.74,2025-02-06,completed
7bb8373c-81dd-43ea-9421-b62c2d31317c,efd1b588-1054-42d5-9876-35761a5ed196,513.65,2024-11-02,CANCELLED
4cb50736-a531-4be0-b391-4a3648a436ae,68759545-832f-42c4-8e03-70cf8e969227,91.52,2024-08-03,completed
575519cd-3fbf-47eb-883d-9b03de04d086,7f764fce-a97e-4131-8b26-f0a333b1cca4,630.66,2024-01-22,Shipped
4f0dc7bc-80c8-4083-8faf-04baad8716e1,b92c23e3-4540-49f2-a124-9735f2546c17,837.31,2024-01-30,CANCELLED
c1b156bd-fa2b-4df7-9c89-4d3970a6b5fc,61d21319-cbcb-4293-9651-224006103d84,818.59,2024-10-29,Completed
e4b3b66b-51b7-45ed-81ab-1df17cd21263,c9f7369f-e4c1-4210-b4be-4b20dc32f8a0,47.51,2023-11-19,Delivered
2dc58521-29c2-41f9-beeb-f53978731a4e,db8ec35b-3c83-461e-9df0-a0a288efe82b,823.4,30-Jul-2024,Returned
4dfcf384-ac48-4af2-ae98-8798c2ac0d6d,80155756-91b0-4f07-8700-3fcfdeb2d490,323.24,2023-08-20,Completed
57a99ae7-7175-4228-9cad-fda8ece027bb,f9fc9c3f-3206-4388-9804-550b6c0c32f9,72.61,12-Sep-2023,
2ec285a6-d293-43e2-89e1-0a5aafdc8a51,4a3fcfda-7aff-49bd-b9e5-8450334a34a8,928.77,2024-11-07,Delivered
3b576da7-c34a-4fa6-9bd4-87bbc75ee63d,beea002a-ce2d-4105-bc70-dfcafba2a5f1,767.62,2023-11-28,CANCELLED
51ec8f30-4e2d-4257-8074-a1ed4ea4ae73,43f59a85-fbc9-487a-b668-a61794a1875d,538.13,2023-12-13,completed
af4b88ff-1a58-46ae-b8cc-d78887c84346,4a3fcfda-7aff-49bd-b9e5-8450334a34a8,960.53,2025-02-15,completed
922d9ba6-35d5-4119-9c09-f0feed7403c6,b2086418-6092-4068-8403-b430631a9c3c,379.4,19-Feb-2024,Cancelled
31209ff4-2809-46a9-92e2-4a8e2793b627,51beb80e-b7e6-414c-9c8a-49225005680f,14.98,2024-12-03,Completed
da341653-2bf9-48ad-892a-eb0c656ffbd8,9e7b1e95-f692-441a-9aad-10cecab24f24,744.02,15-Feb-2025,CANCELLED
535fd8d2-2839-4888-a99f-8c039c310930,a83db2df-e4aa-412a-a682-13c7a525dcd0,169.34,2023-10-31,Shipped
9860f848-a74b-4973-b949-54dbfb2cef68,7c7c404e-c422-403e-b29a-6339577bc55a,801.66,05-Aug-2024,Cancelled
44f64bef-b9f9-4376-879e-049b6aba8f0c,948c7eb4-1cf8-470b-9e5b-2ad8b4732eb6,82.41,04-Mar-2025,Shipped
ef303fd0-78d3-4a66-834a-7e17eeced5b3,f1e2cce7-3d73-4c3b-bade-33a013a22a82,952.02,2023-12-25,Shipped
251dd64e-5eec-4af4-8db9-eacbd59dcbfa,4fc77768-5ebb-4ca5-a84b-f9625744f596,79.11,2025-04-26,Delivered
d4488069-5a9b-43f8-ba09-a484556ed0d1,1ecae0c0-04c7-4b2a-a598-e5c280acefb5,696.52,2024-02-23,completed
6ce052ef-4eda-41cc-b320-0e3050ba8edd,c8cba592-b0ca-42eb-8fe1-621ad6e1ba00,176.95,2025-01-29,CANCELLED
0173c12e-6ac8-4d70-833f-fef764bf2e8c,0fb49d98-7aac-4a0a-ad13-4ea8560fc071,283.91,2024-09-10,Delivered
f7fb68d5-0e28-4088-a771-dc17f0a30219,76751903-719d-422f-adc4-d065d8fbd542,450.9,12-Feb-2025,Completed
23d2789d-ce2c-4739-a552-abc65a86503a,89b5aab0-c121-49db-af12-b150605fb1eb,91.15,2024-05-13,Cancelled
d18b621e-04fc-4dd0-8632-7360c45d4c03,65f30779-f6ee-4cdb-ad79-a2d1506e50c7,887.47,2024-06-19,Completed
b777dcb9-a97c-496b-b567-66ec33c43cd1,4a3fcfda-7aff-49bd-b9e5-8450334a34a8,40.88,2024-12-29,Cancelled
060fd3b6-5f9c-41f0-9522-1c404b77cf1c,be15ad12-90ce-47e9-b513-03b9c7de96ea,556.08,2024-01-15,Returned
536019db-61e5-41bb-8a79-bb306d70881b,c92efe01-1402-4a93-a4c6-88ec8bf160df,372.16,2024-03-06,CANCELLED
cc274beb-330f-4bae-bd30-37398f5a5787,8e74b39c-92e3-4940-a32c-5e99fd26a41b,470.05,2024-09-06,Cancelled
db3d419b-70aa-4992-80c0-e6679e1823a2,11b7e948-d0e6-4660-bc69-dee1bb5e4bcf,849.5,14-Dec-2023,Shipped
2911268f-3e3e-47b3-930d-a4761b5982d2,0e4ddb72-3e6a-41f1-a78e-2f607a99bd76,451.76,2024-01-29,CANCELLED
b8a4c19f-f105-42d8-bacc-7c3bb90ca447,c3a215ff-a660-404f-b0b6-052fb2c68986,738.56,2024-03-09,Shipped
f25b76a6-f89c-4ef6-b3b9-3ebe784983ff,cbfe68f0-b8a9-4704-b25a-a10d63fe557c,72.23,2024-10-03,
b013b951-63db-4b6d-a8cf-a238c7fe8dee,df3a098a-ccac-4fb5-9a0c-6c0493cd1291,793.55,2023-08-05,Completed
47b76d17-3ff5-4a79-bcae-bdfeb4dc70c6,6a34c854-1071-4d51-b6c5-9dacb4d7e28e,330.83,05-Jun-2025,completed
19f7f775-0f2f-433b-a001-3e38960b9746,84396fc0-c26e-4706-bc05-9799bdae8eff,270.68,2024-10-14,CANCELLED
89b3889d-46aa-4714-97ba-a888a3beb445,22e49628-d913-457d-821f-84fcd0bcbad5,656.8,13-Aug-2023,Returned
1c6c8382-48c3-459d-ac71-72e77028eb2d,34fe6da8-07e8-4429-a4fa-6417109792a4,521.21,2024-04-12,Returned
12f0ed7d-bff4-4c48-a17f-5e5322607be8,8d814215-2d49-4058-9f84-e3c56daa8c7e,608.17,2024-07-01,Shipped
69ed5072-bb81-4774-8676-51b3fa286316,d5a386d9-c362-4810-a261-1b8d9620bee6,647.04,2024-03-09,Delivered
96fdad96-2681-45bb-9fbb-3a4326da916c,e8c35a79-504e-44ac-be21-6c79b8b791b0,127.15,2025-04-01,CANCELLED
1687819b-8fd4-4278-b332-d3ab92f77072,7c7c404e-c422-403e-b29a-6339577bc55a,484.03,2024-02-18,completed
8bed0104-929e-4405-93ed-75f63ec72cca,242f5829-fe07-432a-badc-45999f7fae0c,,2024-06-05,Shipped
87f16ab5-8e82-473e-82be-7d36a9230810,e42e5037-4a55-4ea0-8acb-be098ccc9cea,48.8,2025-02-12,Delivered
23f5aea6-0598-4489-b087-ab0e4a9a75f0,89a8c57d-1806-499f-b1ac-f1dd3303343c,958.66,2025-03-26,Completed
c930c9f3-dee7-4ad7-9168-b433c5188d4d,76751903-719d-422f-adc4-d065d8fbd542,665.13,2025-02-19,Returned
f50b1168-505f-4360-bd32-ebdab61e7c80,beea002a-ce2d-4105-bc70-dfcafba2a5f1,868.63,2024-12-25,Cancelled
72229838-c5cf-4ce6-a7b4-dcd35c798b20,f1fac6e7-170d-4507-85ee-e1d47f53a88e,822.25,2025-04-23,Delivered
523e901f-2f23-4d0c-b6fd-f910e2742d5c,765e6cb5-8f0d-4540-8ec7-d662905c7bdd,349.24,2025-01-31,Shipped
554047fe-5cb9-435c-b5f7-3b073a4962d1,22e49628-d913-457d-821f-84fcd0bcbad5,117.48,2024-06-28,Cancelled
424f8429-b43d-4bf9-b8b0-3457ad7bb3c5,7b189d5d-9b24-4a55-8fe8-8b776009a05a,158.07,2023-12-02,Cancelled
05ec647e-eec4-42d0-bf66-02259a86a2f5,e5e79add-68c8-4ed8-ab03-5cda69d53317,,15-Jan-2024,Completed
6d658f44-6928-4f38-a469-db2c1e8343bf,f6ca6b8b-a4b1-4991-b542-46464d37a539,139.03,17-Oct-2023,completed
0c4bc3d2-cc50-45cf-bc81-ed5ace5a4372,4beef160-7fac-49fe-9fe0-c7c32336d60b,526.82,2024-05-03,
fd593fa4-e9b9-439e-8f6e-ed3187450d05,4827c440-f6d9-4e17-b109-4211b73f6e64,939.04,2025-04-06,Delivered
6feccac2-90d2-4bfe-8425-c4305f9c041d,f6bffaa9-71fc-42e6-b3dd-7820bd20c36a,908.78,01-Aug-2024,Returned
cc5bf684-df82-4a94-8114-0235f5b4aee1,e42e5037-4a55-4ea0-8acb-be098ccc9cea,768.2,25-Jul-2023,Cancelled
485b841f-7df4-4531-89ef-698aca46739f,77a319c6-619c-4a06-b5d6-8c8f299ccd73,265.23,2024-03-11,Completed
bc03daa7-112e-4621-a266-530e5570cefc,9f534d9a-a7fa-4009-8b39-8e89f842e163,524.56,2024-09-19,completed
8eec22a4-f966-49c2-9796-b7b190b7f26f,c8cba592-b0ca-42eb-8fe1-621ad6e1ba00,115.52,2023-08-28,Delivered
cc707551-2881-4cd9-8821-95411cc1fb5e,c590f851-fb38-4671-bb45-d977c2896a30,569.02,26-Feb-2025,Returned
92ecc3bd-1675-4d7e-99fa-fbb9d8a712cb,1c2b498f-054d-4360-a24d-347360bc6cbc,556.58,2024-08-02,Cancelled
fe31f408-a671-4d81-9c2b-05eb77ec2100,b31a25b5-5fec-4a6e-8891-7cf57d8823d2,988.62,2025-06-16,Returned
af178dbb-c461-4ac1-92b5-9aa4c07d0001,57968d64-d470-4dd2-ada5-beb90d527b89,865.19,2023-11-26,completed
7387a600-7739-4bee-86e0-9e7dd1587136,53958e5c-edd0-4e02-add3-2be929052dd7,109.28,2024-05-30,completed
26f6ed64-bd2a-42c4-be8d-b353e16b1b8c,a0733e57-ba03-41f9-90ed-01d3ef444cf5,687.72,2025-05-21,CANCELLED
a5d8d541-2e82-4ce6-92b1-d17e5497062b,ce177b4e-0837-48a3-9261-a7ab3aa2e4f9,825.02,2024-11-17,Completed
c7f7040b-8718-4322-b43c-6de656fdc504,2cd94cbb-c19a-458c-835b-1c8c0a4c9f7f,377.13,19-Sep-2024,Returned
6eb194b8-f2d1-435d-91f9-2f96bd4d28c8,e6766b0a-3b9a-4daf-a321-d75368dd66fd,293.6,19-Dec-2024,completed
4b37617d-9322-44fb-a6c6-7afa057ff1df,f9f209ab-7d77-41f8-a948-ec667a59697d,499.42,2025-05-21,completed
04d4c5db-63d3-497f-9406-66259faa2180,76a4c79b-bd67-4458-8f2d-0b177e7d5e88,43.27,2023-07-05,Shipped
2686d5c6-6d59-4de7-9287-c72e39a8ab5e,e6766b0a-3b9a-4daf-a321-d75368dd66fd,45.7,2023-07-07,
acae8af8-9599-4267-b90f-516ddb06f072,01539221-2331-4a28-8550-eca8ae62990c,283.18,2024-01-18,Returned
a753297e-752f-424f-8849-066e539d5223,f69072cf-ac7e-4cc6-b0cf-3e7f5c58b8ba,25.21,16-Feb-2025,Cancelled
930e6549-d24f-4225-8519-fd783348eda0,4e9d23e9-df16-4ec3-be84-8aa2392c04da,563.52,2024-11-28,completed
b703fa9f-e15c-4c37-a4ab-9bae5aca08f9,76d70561-d2d1-4ef5-9e4c-4fd1462363a9,963.43,2025-06-18,Completed
c5e2cdcc-3058-4d20-a711-1b6093acd71b,12fecc2b-1acf-42c5-b3a0-212042d943ee,511.18,2025-05-04,Delivered
19d45a55-2e7c-47b0-8ef8-a78734c5dd5b,4cf2fdf8-ec1f-4d97-aa98-3090831fd302,518.15,2023-10-24,completed
d83e262a-f1ca-480c-9a17-8669888e58e7,365f982b-95ee-445c-a9c3-640de411a9d7,448.34,2023-07-21,Shipped
5938949e-8a42-4ff0-a098-4689c78ae6ce,0e4ddb72-3e6a-41f1-a78e-2f607a99bd76,777.84,31-Jul-2023,completed
edafea54-50b9-404a-9edc-c2ff53d47caf,61ee411a-1bac-47a7-b386-f7a4c991603f,265.24,2023-08-23,Shipped
4d8cc9c6-33a2-447b-b574-6477a87da2af,7b6ce596-aa97-435d-99ff-74ebfa5f9e72,802.16,2023-12-26,Cancelled
3ba4807e-4565-4d2d-bdb2-69e56c9dda26,e037e5ed-b8db-4672-b42d-47cc00d4af59,270.72,2023-11-04,CANCELLED
5af7dfe2-c5b8-4c82-b79c-c41aeb7d2448,8713b81f-c2f8-4229-972c-8583d06200e3,559.01,2025-06-27,Shipped
f1c35294-e61c-49a3-a0ac-db752326e3d0,968c77f1-b8f7-4f48-8238-03582d3dab8a,190.96,22-Jul-2023,Shipped
600777be-f2b1-468a-958b-54231f8424bd,cc4ae02c-cf49-44e0-bab1-653364f22a7c,242.51,2024-06-06,Shipped
daac1277-be73-41e9-9e16-a0ea71a6de48,6a7d5d96-4ba1-4233-9ac3-bf317b96e2d1,837.97,2023-07-20,Completed
72624be8-0c99-4ec1-a162-faf83565c8a2,4a4a5612-243a-4f53-aa7b-6a7ca674dd6b,956.22,2025-01-25,
c55f30a1-34a4-40e3-b2d9-ec3e66308af8,8e74b39c-92e3-4940-a32c-5e99fd26a41b,51.84,2024-06-05,Returned
17c522e0-1fe9-448d-9083-08b097187943,7d058c07-01b4-4dfc-b1f4-36eacc8abd69,898.03,21-Apr-2024,completed
b97a08ba-940b-434d-a9cc-edab81b74f35,065f5046-f9a6-4744-93ef-e8f0395c0d62,403.9,14-Nov-2023,Cancelled
35aad597-c1b0-444b-a9b2-b32c1f27fa2c,926114b7-142a-4f47-b8ef-32eeebac12ef,940.26,2024-08-05,completed
9ad75864-bd9a-46d9-bd36-35b9f0d1701b,e9c000f0-c571-49ab-8158-9d90f5044d15,462.62,2023-10-02,Delivered
6a45d1e9-511f-4533-becf-c0dbbfeb32a4,62649ce8-eab8-45be-b62c-09bfa4f73a30,,04-Apr-2024,Completed
ccbf1dfe-173e-43d9-bc32-edb435d80531,3692a531-c609-4cd8-a127-dc6bab9b153d,863.22,2023-11-26,Delivered
823c794a-415a-43c1-ba5c-d4265c1faf7b,acdfe0ff-c5ed-4982-b60b-36736422a73e,349.67,2024-07-28,Returned
01db80b4-0422-4bf2-b4fa-ebddf1e4c27a,53958e5c-edd0-4e02-add3-2be929052dd7,371.43,2023-09-25,Cancelled
f6295eb4-667a-4b91-ab86-08d1cdac6327,06a241af-1d0a-47f7-b5e4-a4713fe68c9c,689.15,21-Apr-2024,completed
f21b7a7f-5c42-4dcf-9acc-616d199ded5e,8085c147-1e91-4f36-9f70-5b2592502e59,857.75,2025-04-27,CANCELLED
f22929b6-6f24-4189-90b7-de33d627224e,f8d8b7f1-c86c-4544-a7d4-cf50f791f1e5,19.64,2024-02-26,completed
ffecc4eb-3ab7-42a1-8cfa-4f8aa6e997ae,80155756-91b0-4f07-8700-3fcfdeb2d490,723.35,19-Apr-2025,Cancelled
cf674365-a4c1-4966-a682-c0fb159e9c9f,e9368ad0-f52e-4f63-badf-c7a8aeaf3951,404.42,26-Dec-2024,completed
f388fef7-040e-4f47-b8ab-2513e03db918,12916e60-f5e7-4daf-9d69-6bc8dc54d59b,633.56,2024-04-28,Delivered
52c1e256-e5b7-4f49-a5b9-5c1abac8f92f,1dc3c26e-7b62-459e-8700-749adcad8ec2,932.53,2024-01-30,
2d675be3-3fbe-4756-98f0-2d4124074330,3defa849-9336-4f7e-83ef-a9f3a1c7cc8a,682.79,05-Aug-2023,CANCELLED
27dfc6e0-84c4-49b1-a0c1-3845025fc70f,5fb68406-b665-4a34-9263-00282dd2d8c0,979.58,2024-09-11,Cancelled
09fb4d4b-c325-4bc3-b845-a524b1f01f04,04005940-2862-4b4e-8714-d549604a1fe2,452.46,2023-10-17,Returned
ddc8ca37-35b7-415e-8d68-cb3998a0db61,77723a5a-84ae-4fbe-ae1f-d9571f28e417,869.58,17-Aug-2023,Returned
9e181620-5f27-4ee1-8b07-9752a93429ae,77723a5a-84ae-4fbe-ae1f-d9571f28e417,410.72,25-Jan-2025,Delivered
2c23b779-6b53-41c0-a850-c932d2c08ee4,12af97e4-c536-466e-bcc4-091bf45707c6,656.48,18-May-2024,Returned
26c0df52-f71d-49c5-84c2-f2c4efb0ce3b,910c4cb7-25f0-4b0a-a64e-f59d6a18e5af,783.16,13-Nov-2023,Cancelled
2e7e4cef-ab2d-4056-8f71-1c2ccf35fdb9,fc257ff1-8fb3-4b07-bc8d-c9d0a1a262d0,175.64,27-Jan-2025,Shipped
c95bc917-1c01-460c-acc9-d15ae10b3781,11ea2c00-863e-4be2-a8d9-92924a85e443,746.44,09-Apr-2024,Returned
4e5a4392-343e-423f-bf5f-ca4f07acc717,fc04a168-652f-4b49-b873-e57f0ba078e8,937.43,2023-11-04,completed
d767a0d7-e8b2-481a-9f88-fe99a0147ab9,317046b9-3080-4a5d-a2a5-0eec881af04f,996.05,2024-05-09,Completed
c8844f88-074a-488f-9231-d2a59f35ba40,a7c24c68-c1ff-4427-9477-d9d7d26580c0,395.95,2024-01-22,Returned
7872d73f-e389-4caf-874b-927e54e28fa6,e6c51969-0118-41cf-b9fd-cd339bd972ca,531.47,2023-07-21,
e9e02d8d-24f3-44ef-9f3d-3d65bc25bce1,0012d399-a7af-4545-bd3f-ec1b5c17ebb5,331.95,2023-07-27,Cancelled
c33359b9-6085-4b5f-8a1b-07440be76352,0fbd6062-ab6d-4aa8-aaef-dbe1d674998a,450.4,12-May-2024,Shipped
287dff8e-2b74-4898-8673-cf07b8f73fad,938f2b90-6c08-4d6c-84de-78f8873f3f03,634.74,07-Oct-2024,Cancelled
3902d8a7-e5ae-488f-9942-339503d301cf,0b483935-cc09-4e64-a33e-84ac3e3f3da0,316.56,2023-09-16,completed
1cc6f0a0-10fa-4909-bcfa-1e616b7d71bc,30974b2b-46a0-4a9b-a5ec-7acd0f8035f5,372.13,2023-09-10,Completed
db2c04c0-6a42-49c3-bbbe-0e9d76e51a12,a0c69223-c435-4252-b19d-d940838cc137,849.47,2024-07-04,Completed
db5ed35a-2268-445f-b0bf-17838966f42b,62649ce8-eab8-45be-b62c-09bfa4f73a30,947.49,2025-05-28,
4fb9ef37-002f-4aee-a308-f1eacf367c1b,2da1afda-fe65-4dcc-aabd-b05a1be00f8e,601.03,11-Oct-2024,Shipped
41c1aee2-e723-4658-a648-d7ae78304c6c,242f5829-fe07-432a-badc-45999f7fae0c,442.74,2024-07-04,CANCELLED
5d96d459-8a3c-4743-a808-24f252a80809,bbb24366-704f-41a8-a44c-bd41ce36e92a,228.39,2023-10-08,Cancelled
7a506f60-18ad-4eeb-b760-7067ab1e5b37,d5d318cf-24e6-4ffd-b5dc-037d4b71481f,617.08,19-Oct-2024,CANCELLED
923cc117-da1a-4b09-94c2-459bbfac0af7,eced9c30-721d-483c-b464-99f43163b274,276.13,2024-07-17,Shipped
213b1241-83c5-4c14-b824-c62b2036971a,4c56fb8f-0bb4-42b3-92e7-6deb10b6a662,460.79,2023-11-30,Returned
a8c1fb64-39bd-43ed-a481-2414f139dc4b,d9750f00-d5ab-48ae-9112-fbc03d8f95f4,160.63,17-Mar-2025,
6761f64e-b79e-4140-9844-1abdbe41635f,f20b9199-68a5-4ee7-bb6e-0d069211d6cc,276.5,02-Sep-2023,Shipped
3ff180d2-1af0-4c73-9d71-9800e30d0d83,06998731-ddcf-4766-a93b-12cd1c24220e,498.64,2024-02-05,completed
a8cc6e3b-bae3-438e-af43-b2f0402bf495,cc4ae02c-cf49-44e0-bab1-653364f22a7c,469.05,23-Dec-2023,completed
764f6842-f955-4aad-b5e0-bcbf5420d149,89924e2d-0400-4249-b8bb-1616418860b9,65.48,19-Feb-2024,Returned
93c1392f-8453-4803-8519-469e973da9cb,91ddb9bf-613d-4de9-bae2-802354720d2d,843.12,01-Dec-2024,Completed
21b78e70-e647-4cfc-8288-635244482593,34fe6da8-07e8-4429-a4fa-6417109792a4,256.47,17-May-2025,CANCELLED
252d3404-a944-45e0-9ff0-f8eb6c0990b6,36b5229a-acf5-481e-b131-62697118e364,737.97,2024-03-11,Shipped
08c2fd6f-d9ca-4609-af43-8b80bc85630c,9e90d107-0611-4bfe-88b6-f61d316da914,961.6,23-Sep-2024,CANCELLED
a1c2e70c-6291-43bf-8cbd-d15ee7f0916e,3875394c-e5d6-46e6-9a6e-c2f5ccc42903,554.08,2025-01-31,Delivered
2ea2daec-fac2-44dd-b2a9-5261cb505aa3,3df51967-4d86-40bd-a222-4f9623a13e20,61.57,07-Aug-2023,Shipped
d5db677f-08bb-429f-a277-279b2498a9f2,18c30aa9-a013-4044-a041-301d10168d65,24.92,12-Jul-2023,Returned
52917b6d-6592-4c9f-a971-4f1f3ce26218,f3cef8b7-35b3-4874-991c-228f3754c5ec,969.15,2025-03-09,CANCELLED
db90f232-7bdd-41b3-bb14-2917927446b6,5af1128c-c8ee-46bf-971f-7cdbfe60afde,773.09,2023-07-10,CANCELLED
d1263905-de99-4ecd-a0f3-547030104525,1d59598c-174d-4b87-81d6-676a61cb78c3,969.96,24-Mar-2024,Delivered
36ff812d-fe21-41fd-b3bd-185b67d920b3,430493f0-d7c7-43b7-ad13-68f305808066,540.99,2024-09-21,Delivered
709adc95-8bbe-4119-8347-2a289f0e570b,db8ec35b-3c83-461e-9df0-a0a288efe82b,759.13,17-Jun-2024,Shipped
c4bd23eb-a7cc-4274-8780-8b87beb5ba0f,506e5a9a-b758-488d-ab73-295b344a54b8,364.59,2023-09-30,Returned
ff26cb58-5656-411d-965c-978aec83c4d7,6c24dcaa-5660-42e1-a46c-d3c18c45fc9e,301.77,03-Aug-2024,Shipped
ce96cc5e-574a-4942-815a-51ff2fb2a0d7,a863782e-75fe-4857-8991-946d537c64b0,735.08,2025-05-24,completed
74d12024-8c84-4302-85a2-4d777cc34e98,d7be7b4f-b967-4dc6-96fd-d1a5f17312f4,535.83,2025-05-08,Cancelled
57a5e3b2-db30-4dad-ab02-e10418b47298,f562037b-78aa-46ea-84f7-f01a3cb526d7,778.16,2024-11-27,Completed
c82e27a3-1028-4c78-834b-033d84e1f69e,1ef7a52e-e645-4b00-93e6-dc21f10b394d,778.26,2025-02-12,CANCELLED
f6fa16a1-0681-47e9-a46d-4b516d300e33,fd5baf20-7da2-4e1b-be7a-31688e72d17c,393.62,2024-04-09,Cancelled
f99f5c06-3a24-4e17-9836-a02720507d45,f910abb3-f105-4252-b990-e2c94c6a70f4,329.37,26-Aug-2024,Cancelled
8ceb424f-1eca-45b3-9c73-78e6d47ffd35,3036f6b9-62ed-4403-88d4-5ff4104f3fc5,836.84,2024-06-20,Shipped
58fde70b-df91-47d5-a055-25c64bb3e035,5543fc3c-38b8-424e-96ea-57b3beed10b6,107.77,2025-01-04,CANCELLED
fbfbd9f9-8da4-4916-afa8-736973db49d0,f346bbe7-9caf-4bfe-bff8-a2c6b79a566b,704.3,2024-02-24,Cancelled
f8c00141-ddf1-44d4-b75e-f2cf153d5754,13093c17-6c09-4d0a-9f4f-e355baa6961c,930.91,2025-06-29,completed
f0f5bdc1-d1ed-43ba-a5c6-5e052ebfaf4c,fe2110d0-4bbe-4aff-9326-dffd5be4bf51,642.53,2024-07-27,Returned
244700ca-31e3-460a-82ca-a526ffa0a1af,8713b81f-c2f8-4229-972c-8583d06200e3,711.35,18-May-2025,Completed
0447b659-c6a2-4085-b8cb-a05eae3a1f32,6500f793-2238-4fc6-8a4e-3ccf48ef30ff,310.87,13-Apr-2025,Completed
868c1005-5a9b-4519-be9d-d48cbbc0e8ed,4fc77768-5ebb-4ca5-a84b-f9625744f596,536.34,2023-12-02,Shipped
dc241f84-9019-49b7-a6da-7a1cc7a9ff30,ff2a50c0-5ab3-43c9-a881-88c3788f06ed,187.11,09-Oct-2024,Completed
887cedb9-ccdd-46b3-8c07-e0e386695d31,d4c0df28-91b5-4cb4-8331-bd0d13ba8d24,364.38,2024-08-16,Completed
f2794e8b-b195-4a9f-bafd-099e8a19de1f,765e6cb5-8f0d-4540-8ec7-d662905c7bdd,554.47,2024-04-07,Cancelled
19a2a602-28a3-43a3-9fdd-67bb2ab05af8,e5e79add-68c8-4ed8-ab03-5cda69d53317,358.8,2024-08-16,Delivered
dbe38b89-a262-4fd2-a289-499e2a6716d4,0f94d562-dd43-40cf-94d0-9314b0cab249,766.54,2024-12-10,Cancelled
c0485d0b-ee3f-4127-97de-7f4d39ec02ca,50a46c85-d9d5-4b02-82d0-4d554aab47b2,221.79,23-Oct-2024,Delivered
f4836de8-f133-4e7d-8a73-483e26ecd1dc,1dc3c26e-7b62-459e-8700-749adcad8ec2,453.02,2025-01-07,Delivered
47469fb7-33c3-4015-9bb9-3bf66c8c4bac,5af1128c-c8ee-46bf-971f-7cdbfe60afde,,2024-10-16,Completed
669f9a4a-f2eb-4d5a-b819-fa11f584be73,0760801f-9c81-4c46-9bcd-236cc7774fae,222.67,2023-08-07,CANCELLED
f8d592a7-8591-4047-a6a5-17d063c81fb9,4ea12bd9-afaf-40ec-aa08-c5266c4fe33d,558.13,2024-02-16,Shipped
52696eeb-77cf-4eb6-b9fe-e842e4cc7065,9afd4015-816b-4b9f-b426-b1934b7e6b3c,,2024-05-23,Delivered
00172ca3-4ccc-4afe-b02a-2956b8b758b8,b61d1f43-8df8-4ff9-83f8-6f2d436c9e18,240.66,14-Oct-2023,Returned
ab09ec62-8e46-4d8b-b555-d6ee40571cf3,ff2a50c0-5ab3-43c9-a881-88c3788f06ed,736.92,28-Aug-2023,Shipped
9cf540d9-bbc4-4107-ac4d-25503570f44d,04005940-2862-4b4e-8714-d549604a1fe2,692.7,2024-02-28,Cancelled
c152caf6-0f29-401d-911a-c671f5931884,f9fc9c3f-3206-4388-9804-550b6c0c32f9,733.48,2024-10-04,Completed
d28b829a-7b1e-4e13-a4cf-862923eaea4f,4a4a5612-243a-4f53-aa7b-6a7ca674dd6b,354.45,14-May-2024,completed
f9f8f5f4-ce96-4887-b8db-37f6c3bc5ca7,e7e646c7-0158-4463-9d87-76a072d78bdd,234.45,02-Nov-2023,Completed
a565cd41-28d1-41db-894b-cc99642830f3,18c30aa9-a013-4044-a041-301d10168d65,388.66,2024-01-05,
3fa27ffd-3180-4811-9767-10d764188dde,acce693e-91a0-4ef2-9c00-7554c3963bf9,333.56,21-May-2024,CANCELLED
f69e963d-39ef-40ea-920e-5c8359b44b98,6924e248-2759-4511-a604-bfbe83aa622f,971.33,09-Apr-2025,Completed
1f9bd2b4-66c4-4e9b-a483-f4f123f3e5c5,1edf3bfa-d12e-4eb5-97f4-79b5b212a6ee,788.5,2024-01-31,Returned
ac1cfcfc-f1c0-46ba-95ff-7d9dbd5a0760,87c9daac-b5d3-4f2f-913b-b65c16f32b93,552.67,2025-01-14,Returned
ac17cb47-2474-410f-b181-70c234b158aa,61d21319-cbcb-4293-9651-224006103d84,764.41,2023-10-26,Returned
a3027b21-02c1-4269-93d5-09afc2b5ac1b,226378ab-15b2-42b4-8cf0-f97b4128d40b,565.56,30-Jan-2024,Shipped
1a44cb3b-8634-47cd-8fa8-387085475ee1,69288e92-c68a-452f-9b23-aa8c3bcabf85,435.77,30-Sep-2023,Completed
3b7039b0-789a-4f00-9933-ca27a0e85f89,ad68fb45-02de-42e6-837a-927babe05b22,371.61,2025-02-19,CANCELLED
1ff71e8c-d27e-4846-8c7f-9cd6703297d2,0d01280f-d89a-40c0-a87d-1c78e7c421c7,177.56,2024-11-24,completed
275759a0-7451-4c96-9c2b-4ca9be2f7685,6338fb29-7599-4b0a-895b-81d6b97d7617,446.06,24-Aug-2024,CANCELLED
e916ee82-c116-4b7e-ba9f-4841e1568c60,efd1b588-1054-42d5-9876-35761a5ed196,731.2,2023-08-24,Shipped
f311a3a1-45a8-4731-a00f-6ea257647ecf,17152d76-6fc1-4aeb-b40c-e8c9db964db1,156.2,10-Jan-2025,Delivered
416553a1-e420-4a34-9685-b08b61aa189d,c2e8bfc2-f649-4cde-bca5-4576852393d7,312.07,2023-08-01,CANCELLED
95c127e6-6d08-49b4-b76e-3a29a07c68c2,7f764fce-a97e-4131-8b26-f0a333b1cca4,550.96,26-Sep-2023,Cancelled
dd91cf6b-b102-4282-b5b2-e008e0516aaa,919fa02e-a194-47b1-bcef-40f800926d61,698.12,08-Nov-2023,CANCELLED
39819354-4a85-4bd1-822a-67727cbff645,b023dbc3-2471-4957-b1b9-fd9ddb583dd9,,2025-03-09,completed
bb5493e6-ff63-4fac-96ac-b78e1a617efe,478b2f00-87d7-4309-9e77-21561f76043f,62.55,10-Aug-2024,
5cd0094c-dd76-4717-995b-2485f5b127e1,94c176b9-0ac0-43d5-b805-90f002493a09,666.35,11-Oct-2024,Completed
7e99a2c2-aa37-44fb-9997-5545de8e7602,bf7b539b-0f9a-4a4b-8acd-4e10bc594585,884.57,2024-01-04,Cancelled
6bf2d5d9-6eb6-454b-b697-2fbbb39bfeb6,7d169638-658a-4377-bda8-b37a1e69d7ef,322.3,10-Apr-2025,Shipped
c51b2775-dd7b-49a6-9aed-bcfda357e4ea,3df51967-4d86-40bd-a222-4f9623a13e20,463.41,14-Aug-2023,
469f2152-bb81-4c56-b95b-7efed7a29c6c,92ea1324-ec93-4596-ab01-57230cf697a5,311.88,2024-02-03,Completed
542e2e6a-8200-4972-a3e8-6f41406d7f7c,60d2759a-3ad5-4382-919f-b03e97314c91,361.82,2025-06-02,Cancelled
fbab907a-4051-4bda-9617-82cbaabf1a08,76d70561-d2d1-4ef5-9e4c-4fd1462363a9,629.53,21-May-2024,completed
b68d6f38-19e3-484f-834f-202915459b48,43f59a85-fbc9-487a-b668-a61794a1875d,949.63,2024-04-03,Returned
7eb6c0a9-95f5-42ac-be24-7c2b7c4cec7d,4e39f65a-20db-4294-9fae-180393d797e7,732.59,2025-03-18,completed
44087701-aa66-40ed-af0b-5b2b97514f49,e6c51969-0118-41cf-b9fd-cd339bd972ca,423.16,2023-12-19,Delivered
b5622984-d385-4453-87ea-7fd1ff4f3808,2830affa-fc37-437a-b2cc-f39d8914bc96,454.68,2023-09-19,Cancelled
90cc7a42-d660-4275-9b4c-ccb08f881e63,cf3ee4aa-594f-4d27-9dcd-0d40d6415102,210.29,2024-07-13,Cancelled
ecdcbb27-ded2-4b15-84db-01dd9b4bf636,2830affa-fc37-437a-b2cc-f39d8914bc96,995.73,17-Apr-2024,Cancelled
1b98a0e3-9a06-4a93-8ac7-256b61f13c8c,567e8c74-bd92-432a-8fbb-831a696f9074,77.14,2024-11-30,Shipped
f43e075b-a486-47d4-8b29-5e19d694a527,0351b09d-0dc5-4b06-8d58-09b7f740d87c,154.07,2024-10-01,Returned
f77b9742-1e12-4bed-984c-4178935c31d1,ef7b80f1-c2be-4bac-b717-f44b79112e22,448.57,15-Sep-2023,CANCELLED
ac30211d-9482-411e-9c56-e3aa3d15d3ee,84396fc0-c26e-4706-bc05-9799bdae8eff,196.05,2025-02-13,
d0b66c10-6bfd-41bc-9a93-03eae75ec164,2ede2487-3730-48be-8892-4bd6e39940dd,609.55,01-Jan-2025,Shipped
58e8f1db-0a34-4670-be8b-15f3b7e1c9a2,e9c000f0-c571-49ab-8158-9d90f5044d15,,2024-05-01,Shipped
75f3405d-da2b-41b7-b0b3-e6dfc9c34dd8,9e7f87a7-7721-4daa-9d97-5cdc620956a8,474.08,14-Nov-2024,Returned
f0b0c031-098a-4f72-85d3-f3eedd088545,0b099fcc-ec34-4cf0-ab8e-77a128e60130,172.15,2024-09-18,Completed
be901a64-a0cc-4d31-8e22-efcfd02b4c3a,3768b54a-bb0c-486a-9a5c-a75227051d96,418.91,05-May-2024,completed
06906169-e878-4458-ab48-106d6e8a457f,3e711433-bd90-481a-bbe0-e6b8ee0f65a8,927.83,24-Feb-2025,Returned
a169d799-062e-4424-ae44-d34991225311,62649ce8-eab8-45be-b62c-09bfa4f73a30,462.97,2023-12-15,Completed
69824369-ebb1-4253-8ad2-a7ba194b3b6e,79ebb8bb-214b-4473-a375-58676cc56071,386.57,2024-03-12,CANCELLED
d9743ff0-74e5-418d-baa3-80fa07438e60,87c9daac-b5d3-4f2f-913b-b65c16f32b93,529.98,14-Mar-2025,Cancelled
aed9dac5-d180-47f4-9bcc-7bfb40e64eed,71348c2a-780b-4657-917b-355b70944bdb,828.74,2025-05-23,Cancelled
3faadfd6-f730-407e-b93c-82855a357945,7f764fce-a97e-4131-8b26-f0a333b1cca4,737.82,2024-03-24,CANCELLED
53133ea1-0c3c-400f-88a1-34aa722d8397,ef7b80f1-c2be-4bac-b717-f44b79112e22,,2024-01-31,Delivered
435f59e6-a282-4bab-bdb0-9520b2f881eb,61d21319-cbcb-4293-9651-224006103d84,466.73,2024-06-20,Completed
8ef86619-3599-4e91-a91c-9094cb2c0efb,18cc8417-0067-443e-bde1-936bd0fee4f1,150.82,16-Feb-2025,CANCELLED
5266cd86-a5f6-4181-8c1a-6477dd0d3739,2f589a81-67c5-429b-b400-a5e1dfcb821b,780.94,18-Feb-2025,Shipped
c7ed8888-5939-4c71-80d9-863f66bcf6f0,5295ea96-487b-45d7-9cf0-23dd277529a2,456.38,2025-01-26,CANCELLED
db4d2d18-7ff5-475c-983f-8f4f2c0bfe69,2a6445d3-48e8-4f79-98eb-a4621976a39a,460.14,2025-03-25,CANCELLED
89c9c0f3-9dcc-41b0-9a0f-df6155718266,6a2062aa-e8b8-4813-a672-abf50110783e,735.93,2023-09-08,CANCELLED
3a42168f-f745-45cd-9613-8a1ece1eaeb5,df6c0d60-3df7-4a69-bc45-144a3c1fdff0,710.21,25-Jan-2025,Cancelled
ea072198-19ee-4d26-8e4b-36aad4249390,7d01d706-58cc-49bb-9258-199888bbc5bb,554.84,2024-03-02,Delivered
501bcf44-67f3-44bf-a3b3-1be617269541,1e56d346-7e80-4d05-ac71-b531d3c724e8,864.05,2025-01-11,completed
c1ae35bb-2faa-49dd-a3b4-a2407f480536,4612d424-7ac0-47a6-9297-eaacfcc2ed18,314.98,25-Oct-2024,Delivered
b517e8ef-db21-4e31-83c2-181f33c00b7d,e6c51969-0118-41cf-b9fd-cd339bd972ca,899.56,23-Apr-2024,
7011a2be-ce4f-4c66-9645-b6bb59c085a8,d5d318cf-24e6-4ffd-b5dc-037d4b71481f,464.06,12-Jul-2024,Completed
f5953b2e-28c2-483d-8138-a98b5c88da6e,79ebb8bb-214b-4473-a375-58676cc56071,245.5,2025-05-26,Returned
30960fbb-1c89-4e3c-8413-d04952a0628b,6338fb29-7599-4b0a-895b-81d6b97d7617,604.1,2023-11-08,Cancelled
b3422968-8191-486b-a8a9-1aba4f7ebc54,71cfd772-3167-4947-afad-f0695ed7d1a6,827.0,2024-09-24,CANCELLED
8f56fffc-c1bb-4767-8bd4-01528f7bf6c2,b298b811-0b1e-4578-9ff4-7c515ed10e7f,,10-Nov-2024,completed
b21534f7-9e54-4d3e-a5e1-71462d8b62b6,e8c35a79-504e-44ac-be21-6c79b8b791b0,921.18,2024-08-22,Shipped
b62fb6ee-172d-4647-97e6-ae9932d8bc29,a383889a-db2c-4ac8-9c67-83932ced3c0d,614.98,28-Aug-2023,completed
67964bd9-a9c6-44e3-a07e-af26ea299a22,f83bf029-b6ac-4048-8430-8e0c3fe604f4,460.78,2024-10-07,Completed
5714fc0b-b744-4158-a550-e249436c3827,420fd9a8-d45b-4e9b-b61e-c0ed8ddd2994,374.88,2025-04-22,Returned
ebd795f5-220e-474e-a591-d99b5a929d27,3e1e0693-c960-4851-8d69-6e19e8273dee,299.9,2024-08-17,Delivered
bc7d0017-f4c1-440b-9852-8abb1a873c25,24e2226c-a250-4133-b5cb-5be44b83b570,529.4,25-Apr-2024,Completed
4b3dd578-cc69-48ca-a32f-fec3e05ff96e,87c9daac-b5d3-4f2f-913b-b65c16f32b93,632.69,24-Mar-2025,CANCELLED
52e6ef74-150b-41d8-b882-c32691f28485,85764472-4fef-463f-8d41-d66082fce908,986.42,2024-10-19,Delivered
3ef389ba-0a70-46c8-937d-8533714a0ae0,41b455b8-59b9-422c-915a-ffacb173fcdf,995.07,2023-12-22,Cancelled
4616fd6e-fe20-493b-aae2-ad6327aedaae,8592a38f-db62-41f7-a964-eb1616232e87,635.54,2024-08-29,Cancelled
b1f0b429-d54f-4d02-b976-c6377e9716ad,e4eec67c-1a57-49e4-85f8-e2f8414f4994,979.47,2023-07-21,
70bb2a0e-39d0-4b29-a008-e8ed3ecf5f0a,e6c51969-0118-41cf-b9fd-cd339bd972ca,740.09,2023-12-18,Returned
032dd96d-2537-4857-b749-af64cfc01fbc,e76428c4-197f-40fd-b5ae-2a56fa033d6c,,2024-11-15,Shipped
db872c8f-0551-4102-b6ef-66e43e61d359,11b7e948-d0e6-4660-bc69-dee1bb5e4bcf,693.12,2024-02-16,Delivered
6a1e5d9a-705f-452b-9682-a0b47bb7cc42,26870a98-7f0f-4662-a5e0-50f6b273f93c,769.36,2024-10-18,Returned
31369512-916e-4089-bf95-58a38d1d282e,27ce46ce-b695-42bf-8379-05edafc8d769,960.51,05-Sep-2024,completed
94b59339-84c1-4826-9910-498c2fa17fe6,f06dca24-7bc6-4121-bb64-a525bc653d94,484.32,2024-05-16,
e6ffee2a-e37b-4f84-9351-240fa093ca68,d2c65ee4-68d0-42a8-84e7-f7dd6929de73,630.93,06-May-2024,Delivered
cbfae8d6-b4ed-4d1d-82f1-287bbf2dcfcb,948c7eb4-1cf8-470b-9e5b-2ad8b4732eb6,419.81,26-Apr-2024,Delivered
6e6aa3ec-4378-4e6b-8d3d-dee3cdad54f4,1e56d346-7e80-4d05-ac71-b531d3c724e8,322.35,2024-04-08,CANCELLED
efda21b2-eced-4328-a669-dd225d50d2eb,a55bc44f-e7d7-4d1d-a9a3-b9913634646c,889.15,2024-04-13,Delivered
13b8ec30-5b69-4697-8a55-a14b51f5a8f9,4c1e172a-15e9-4ee4-8e14-39774d126ab1,,30-Dec-2023,completed
d3d39ff9-dc25-45f1-9258-7a1a226e1ecb,86879aa9-14f5-43d0-8991-2032df85c777,395.67,2024-12-20,completed
94369f5d-89cc-4b08-8ba9-a0f03f3488a3,0bb81d38-1b37-4f19-b3bc-912f5fb7474e,321.35,2024-12-27,Returned
c8c28cfe-eadf-4ef6-bb23-89d318bc2e3b,76751903-719d-422f-adc4-d065d8fbd542,457.39,09-Oct-2023,Delivered
504089fa-890d-48e5-b9c9-f246b556aeac,89b5aab0-c121-49db-af12-b150605fb1eb,787.09,29-Jul-2024,Returned
3a52b383-9aa5-4f18-9387-fcd8cea82b7a,26870a98-7f0f-4662-a5e0-50f6b273f93c,,2023-09-20,Shipped
a51c7d2a-b3bf-4dab-b7b2-4f20592cfe25,96721e98-5d84-46e0-a0e6-96ffa75743f9,735.12,2025-01-10,Shipped
771d030f-3955-4110-bc2e-0301d232231d,420fd9a8-d45b-4e9b-b61e-c0ed8ddd2994,823.92,03-Sep-2024,Shipped
75d236e3-0d9e-4c48-962c-4be49302a5dc,df3a098a-ccac-4fb5-9a0c-6c0493cd1291,464.77,26-Jan-2024,Completed
6fa9c57c-974f-4668-bf44-1add70184f95,57c5982c-f6ae-40e8-a5da-ced0460a6125,690.18,2024-10-23,Returned
05a95733-2bdd-4419-beec-0074f4028e77,b61d1f43-8df8-4ff9-83f8-6f2d436c9e18,,2023-08-20,Delivered
0ebb51ae-a678-4753-8f1a-5d4a72ced11f,8b10550c-d570-4f32-b02c-dd20286218b8,319.02,07-Sep-2024,Shipped
b4d0aaea-de19-493e-ba04-30c458fc8448,57b936b0-3346-4332-be0a-824e232a5e82,325.96,2025-05-26,Shipped
10bee3e8-5aba-434b-ae98-02fa1053adba,01539221-2331-4a28-8550-eca8ae62990c,25.1,23-Oct-2023,Shipped
f2859a73-4083-4cf3-91db-5fbc46addbe7,cf3ee4aa-594f-4d27-9dcd-0d40d6415102,325.3,2025-01-09,Delivered
99056421-b6af-49df-870f-48c2ba4e832f,092e44b7-2ee2-4989-bad8-24060df81d2b,80.53,27-May-2025,Returned
f157f169-c3ad-4ffd-b447-9e706e4ae071,44b591f7-97ac-4aa8-bb24-88a3d36357b6,476.03,16-Jul-2024,Completed
a96bc761-3717-4e45-a570-6108fc78090e,b24cc64f-be3e-4e57-b30a-9e32aba4fc03,187.19,2023-10-12,completed
acb70476-b27c-4721-89d4-4ce24f50b598,18cc8417-0067-443e-bde1-936bd0fee4f1,620.15,2024-06-16,CANCELLED
cc650374-91e2-4c1e-bb89-5644549dd3b5,1a0b6310-397a-4dc8-9c31-d9b9fda2f9a0,538.15,22-Feb-2024,Returned
24ec755d-683a-455e-b23e-9b0b82095583,9e204ac7-3c48-4936-8305-4a31f9e38905,814.72,11-May-2025,Returned
963d4606-ae6b-49de-baec-fb4c8a240d57,811317a8-f4c8-4393-96dd-6c82a8909e31,713.11,2025-02-15,Shipped
9c0e6192-f88c-4664-81bc-075cdcdc23fc,f1fac6e7-170d-4507-85ee-e1d47f53a88e,620.77,01-Mar-2024,CANCELLED
9662f883-5bbc-4b30-8124-b471b64d158c,567e8c74-bd92-432a-8fbb-831a696f9074,790.89,11-Aug-2023,Completed
9d254dc4-122d-4f06-ba33-dca5c64d8e70,c5c5b37a-f85e-46a1-9dad-09b252c21221,357.93,2023-10-01,completed
2944e059-bafa-44da-a9e8-fe2a879f22eb,b298b811-0b1e-4578-9ff4-7c515ed10e7f,136.12,2023-08-19,completed
99fd92a4-fad2-4d69-bfb1-537631d28c69,5543fc3c-38b8-424e-96ea-57b3beed10b6,652.96,19-Jan-2025,Returned
d5f304a0-2de9-4792-bd55-c844c24217c5,938f2b90-6c08-4d6c-84de-78f8873f3f03,624.67,2025-02-20,Returned
7eb6af51-edc7-4d7b-a63f-89b5078c7f1d,c5c5b37a-f85e-46a1-9dad-09b252c21221,815.78,2023-11-18,Returned
181af69a-16cf-4211-94f0-327b1e978ef7,9e204ac7-3c48-4936-8305-4a31f9e38905,549.08,2025-01-16,Completed
af734c45-f2f3-4f61-b370-0e9292f1da69,0fb49d98-7aac-4a0a-ad13-4ea8560fc071,578.45,2024-05-09,Returned
b24841dd-619c-4496-a856-c822ce0ed735,3692a531-c609-4cd8-a127-dc6bab9b153d,823.8,2024-04-26,Completed
2ed86804-57e2-4419-98e6-650123755bc8,bb88854e-7f96-4d71-8182-70d2c3101e2e,815.93,03-Jul-2024,Returned
b50f2f5c-2d6a-4dd4-9aeb-90f64faa8036,430493f0-d7c7-43b7-ad13-68f305808066,99.63,13-Sep-2023,completed
173a603d-7feb-45e2-8083-ff8fe10a5f9f,0f892df6-f97a-422c-95e5-9a0f1ff49f0a,759.51,30-May-2024,Delivered
3a0517b2-335a-4fe5-a6c3-f83242b07e31,bbb24366-704f-41a8-a44c-bd41ce36e92a,452.69,2023-11-21,Delivered
14e1aabd-a20c-44ba-a5b0-8e26fc52a468,ff2a50c0-5ab3-43c9-a881-88c3788f06ed,682.76,29-Mar-2024,CANCELLED
861c2a6f-1812-462f-8076-f92d73a469a5,065f5046-f9a6-4744-93ef-e8f0395c0d62,98.39,2024-03-20,Returned
0f973342-9b2d-43a3-a119-e3310538fbfd,064fe164-7947-4ea4-9a85-fd69344c96cc,301.24,2024-01-17,Completed
18720dc7-5f86-4f8b-aec6-16940f243491,01a9e71f-de8a-474b-8f36-d58b47378190,822.55,2024-09-05,completed
877478d3-fc31-454d-b6ae-793600714e0f,43f59a85-fbc9-487a-b668-a61794a1875d,705.2,2023-11-08,Returned
4e674f72-627f-44eb-93ad-132c0131771e,2737f345-3886-49ff-b2a0-f778809d6444,549.67,10-Jul-2023,Shipped
9038ab45-916d-4a42-a7b7-95f9cccf4d37,b31a25b5-5fec-4a6e-8891-7cf57d8823d2,925.24,22-Jul-2023,completed
2c21f1ed-f4a9-45b0-91c3-7e19dbfeed4a,ad68fb45-02de-42e6-837a-927babe05b22,21.49,17-Apr-2024,Returned
2e8992cc-7f8a-4fca-9ef1-7e4fa2f077e3,4e39f65a-20db-4294-9fae-180393d797e7,990.32,2023-11-24,Returned
18d2bfd0-5862-4bb4-b9cc-596e37e75948,05c55810-54b7-48fa-8a60-b33299fb38a9,791.04,19-Aug-2024,Shipped
99872384-2798-479b-a9a1-1cc0aee4f488,0fbd4c81-a900-4ecd-a51e-01ad7e8a2078,556.53,2025-05-08,Shipped
70d18e9e-e435-4335-ad4b-2c1392f0ae83,e4f2ae4c-f016-416b-95df-e6cbc75aec94,582.16,16-Apr-2024,Cancelled
2d701ddf-c5a0-47c3-a132-2e39d891b0a4,31567f2a-cef7-4829-b63e-6ef4f8dfcc3a,550.7,2024-12-30,Cancelled
71f27f0f-d1a9-4f91-9079-fe4e261b047a,7d283421-243f-45fe-bc47-16ad0970d09d,122.03,2024-07-29,Shipped
899f7cfb-ef6f-4d6a-89ed-1c7c9f40ce6a,919fa02e-a194-47b1-bcef-40f800926d61,983.74,24-Jul-2023,Returned
1ecadf24-f0d1-4a72-8b2c-7b1df5418b22,4da08e48-3531-418a-a4c5-8b47160934d1,891.02,2025-05-20,CANCELLED
4a9b37f0-ef5e-4a66-8fc9-4cd0ef2adff8,f06c69d9-9339-404b-9a8c-b3d728a5e34d,87.3,18-Mar-2025,Delivered
97113545-2e2f-4ae7-aedb-3046595b9abc,2ede2487-3730-48be-8892-4bd6e39940dd,350.11,22-Sep-2023,Cancelled
7f660f24-1987-4a42-a675-835a2ad9c360,7d3a8826-dd2f-4568-8e02-3728d712288a,736.48,2024-08-06,completed
9cfa2010-ff51-4c96-a7be-a2b29a7f326f,1e23da4b-9e21-441f-b801-102682f73861,44.97,28-Nov-2023,CANCELLED
edb92750-7465-4ff9-b014-db87565fa125,784fcb14-f2d3-4a65-a7de-a64c8b8a7166,70.8,2025-06-14,Completed
c8b8547b-638b-46ac-94ee-e3138c487218,4e39f65a-20db-4294-9fae-180393d797e7,810.81,23-Nov-2024,Completed
8df1363a-ab30-4184-9dcb-2fbff1aab637,d0be73ee-fd37-4539-a5f2-02f983f02dc7,852.93,2024-06-12,Delivered
243191eb-5d9e-4717-bf08-6a9e569db57e,84396fc0-c26e-4706-bc05-9799bdae8eff,24.06,2023-08-20,Cancelled
30370fff-7da2-4b48-914d-4890f5dbed2c,0fb49d98-7aac-4a0a-ad13-4ea8560fc071,452.19,02-Jan-2024,CANCELLED
0f01fe85-5bba-43ac-8aa5-aaf2677f33b8,8085c147-1e91-4f36-9f70-5b2592502e59,801.38,08-Mar-2025,Completed
cf979ff0-7afd-4718-abce-d334fb7b00c7,fd5baf20-7da2-4e1b-be7a-31688e72d17c,934.6,2025-06-11,Returned
c12e3882-b527-4a0a-a8df-7aa5e8e00199,0dfef633-2a31-4dfd-a166-7c7cd3c6e5a0,664.06,16-Apr-2025,Cancelled
85147bc9-d907-4a3f-9949-ab8a975481a3,6500f793-2238-4fc6-8a4e-3ccf48ef30ff,63.78,2025-04-12,Completed
e9701e00-520f-43e7-a7a1-3e62a9dbf628,765e6cb5-8f0d-4540-8ec7-d662905c7bdd,481.47,2023-09-09,Cancelled
882c4812-b3c3-4428-9338-e35d90208d23,e4eec67c-1a57-49e4-85f8-e2f8414f4994,708.55,2024-08-13,completed
a4a8a844-8bdf-4208-81c5-bc8b64e94d6a,b565f64e-3b93-453f-9c02-040de237c877,,09-Aug-2024,CANCELLED
72a9dfa1-22ae-4888-9200-41ca4855f44a,c8cba592-b0ca-42eb-8fe1-621ad6e1ba00,686.05,2023-12-04,CANCELLED
a057c558-f1ba-408e-8aff-5eee32b2d952,09aa5570-9be9-40c7-947d-7bfc5eef0d1e,437.47,13-Feb-2025,Delivered
1517703e-6087-45a5-af65-4201677c25b0,910c4cb7-25f0-4b0a-a64e-f59d6a18e5af,107.29,27-May-2024,completed
524ec63c-1ab4-4e05-bdc1-dda00619feb0,63a1bcaa-0311-4626-90f5-1e97a76c11cb,736.97,2024-07-15,Delivered
4e4f4dd0-6388-46dc-9c12-e3c97bee4582,7b6ce596-aa97-435d-99ff-74ebfa5f9e72,188.12,2024-09-08,completed
49858ab5-c54f-447e-894e-e2f0fe068b4e,288b78b5-b5b4-43ca-bd42-993ccc9fd334,,2024-07-21,Returned
870d8661-0e1c-4d4d-b2eb-3819af1e0ecd,ca179780-be5f-402f-b58a-c73801667221,290.46,2025-02-18,
16d4fdff-f260-4a26-b025-f0410aa86e33,f6ca6b8b-a4b1-4991-b542-46464d37a539,598.2,06-Apr-2025,Cancelled
e67882ae-bf73-4026-9664-6ca5e4602d31,e143a0ad-6d98-467e-8b8f-e98176d6682f,958.22,2024-02-24,Returned
504b9abb-a414-45de-ac61-3d5c8af41753,4e39f65a-20db-4294-9fae-180393d797e7,651.43,16-Sep-2024,Completed
0c15cb28-0728-4719-88c7-5e8a0c46d8be,478b2f00-87d7-4309-9e77-21561f76043f,301.62,25-Jan-2025,Returned
f6d4f767-5a0d-4f8c-b030-6e866288e5da,89a8c57d-1806-499f-b1ac-f1dd3303343c,771.67,21-Feb-2024,completed
af25762c-d34d-49ae-92e1-06a40d6c6599,f1eab64a-cbd4-41cc-aa7a-8c2161a1a29c,782.92,2024-08-21,Returned
8623d81e-8224-4a50-bd10-f69f6f0dc87b,5b6d6b7c-54b2-4582-b398-1e9e7cb882a0,265.66,09-May-2025,Completed
ae5ec1fc-5eee-4114-823d-269c2da46bc5,0b099fcc-ec34-4cf0-ab8e-77a128e60130,208.66,2025-04-20,Completed
19412cae-36e9-4637-a921-26db0b72d0ef,f1fac6e7-170d-4507-85ee-e1d47f53a88e,436.94,25-Dec-2024,Returned
38b89fc4-e471-42b1-af8a-637df330dc59,f23b1efb-0bd1-4d4a-8cf4-1edd3f9304fa,44.51,2024-06-20,completed
341fab4a-b6ca-4840-92ad-bc1b51ffdef6,1b1e06c3-0cea-4f73-aced-4d55e73e2bc5,,2025-01-04,Completed
9ceeaf74-a3f2-43db-9236-948e34ecb64f,b69b8391-e4ee-4f51-9ce8-5b7d0761dc0c,,2024-07-19,Delivered
34be5f01-61a9-4ecf-ac0d-d9ba0b94729c,7d3a8826-dd2f-4568-8e02-3728d712288a,13.67,13-Jul-2023,Returned
4a5a62d3-ec9f-4a0a-9dc7-deabb07bd4ed,57637902-5552-4712-af92-ef221d2467e2,730.49,30-May-2025,Shipped
d04a902a-a8db-4a2c-bd8a-0701e7867bbf,a9488d99-0bbb-4599-91ce-5dd2b45ed1f0,692.37,04-Jul-2023,Cancelled
2d53a810-fc01-446c-94ac-13ced4d05762,0fbd6062-ab6d-4aa8-aaef-dbe1d674998a,340.11,2025-06-10,CANCELLED
eae6c3da-5f2d-48b8-ba76-9378d39a3c87,06998731-ddcf-4766-a93b-12cd1c24220e,854.81,2024-04-28,completed
24447277-27ea-4665-8b75-2e4966e6c48a,d4c0df28-91b5-4cb4-8331-bd0d13ba8d24,211.09,2025-04-11,CANCELLED
42186e6d-ab24-474a-9f2b-e8ba3f05344c,614c721d-a921-4b4c-95fb-e976ae007b7e,396.2,2024-10-08,Returned
920ee451-ae2e-49e2-ac3f-4800ec13d7c3,8fb864e4-f173-4856-a25d-36eb9e9a9f83,443.6,2025-05-16,
4f4b1252-a04e-43d7-a6ef-3a0bdd1e4932,0d01280f-d89a-40c0-a87d-1c78e7c421c7,597.02,2025-01-02,Cancelled
bc94046e-a741-4d2c-a0f1-3db6f0b5b7b3,7b122ee5-3d30-4a07-b690-3edb9fb938e0,538.6,07-Dec-2023,Completed
029e435d-b0b6-45da-a8c1-8df945ca17af,31c681ec-935f-4b0a-a138-4ddce2d9de5d,344.34,09-Jun-2025,Shipped
4730b04b-608b-4508-a9e4-4d26d2d47ec7,98a91187-6c7a-4c9d-b237-64bae202f022,527.89,19-May-2024,Cancelled
c77b4fff-d114-4da1-b082-d7e6e6ace778,f8d8b7f1-c86c-4544-a7d4-cf50f791f1e5,240.66,2025-04-15,Returned
a064bc2a-02ab-4565-99a2-186f40e07e0f,c92efe01-1402-4a93-a4c6-88ec8bf160df,,14-Jul-2024,Shipped
c46268d6-b22d-4bfe-8ab3-5cb1653d6c17,1672380e-4a7d-4fa1-9d9d-db864253fb27,24.22,19-Dec-2024,completed
3914dce2-b083-47e1-a9b7-f1f520fed1f3,aaef0d3e-085a-4d62-8e4d-89f394cbb94e,615.11,13-Jun-2024,completed
28af3b73-1d82-42a8-9d48-0843a3398f8e,5543fc3c-38b8-424e-96ea-57b3beed10b6,599.03,24-Aug-2023,Shipped
2ef0963c-1106-4a35-bd10-bf9fca8b6e4c,e98965f2-2bbf-4e35-84ac-b57d0b3d6dc9,837.54,31-May-2025,Completed
bd76bb2f-f189-4bad-aad8-8bca53cf14e1,b74a3db6-e223-4fc0-8291-46caf5239f95,550.43,2024-08-21,Shipped
ee3d114e-b70b-4594-ae4f-d45ff48fab06,d5d318cf-24e6-4ffd-b5dc-037d4b71481f,,2024-01-16,Delivered
4954105b-8948-4754-88e9-18f965f0bb99,51beb80e-b7e6-414c-9c8a-49225005680f,176.37,2024-12-21,Shipped
1bc6229e-42f1-4c7b-91f2-9ea4db029414,3768b54a-bb0c-486a-9a5c-a75227051d96,142.04,07-Feb-2024,Returned
e2b6a842-d2a8-4922-a518-93471e910b71,1235d52e-16d7-4a54-9a76-5b485d0314d8,880.83,2025-02-11,
8e041844-1625-4089-b340-e6f133be8942,f84791e0-e55d-42af-93e9-e07052c64562,655.24,17-May-2025,completed
84aa6e12-208a-4c4f-b366-da877f7ac78c,8d814215-2d49-4058-9f84-e3c56daa8c7e,695.43,2025-04-18,Cancelled
1c852510-1bfd-4626-ba93-ef0e780d90b6,b6da99cd-d14b-456c-a7db-09431a59c3eb,938.71,28-Jul-2023,
2f39f8c8-6358-4706-9545-b25409bc6a80,91ddb9bf-613d-4de9-bae2-802354720d2d,615.93,2023-12-25,Delivered
114126af-ce70-43f7-b190-dea4c335e9e5,b298b811-0b1e-4578-9ff4-7c515ed10e7f,562.13,2023-09-03,Completed
7027e1f1-5ef3-4d4d-9d85-aa726f9a544a,1d59598c-174d-4b87-81d6-676a61cb78c3,763.52,2024-01-04,completed
c4e57a92-98d5-46b9-b128-7916248bd5aa,e6c51969-0118-41cf-b9fd-cd339bd972ca,283.66,2025-01-24,CANCELLED
c44c5c78-80ed-419c-af01-6e79a9b24a99,0f94d562-dd43-40cf-94d0-9314b0cab249,479.67,2023-08-01,Completed
51634a91-b993-465f-b5de-d447c4bfa424,1ee34dc4-3b04-4a8b-805b-fdc94e7ed827,292.21,2023-11-24,completed
27180985-f2d6-418c-83a3-574a919cf735,b61d1f43-8df8-4ff9-83f8-6f2d436c9e18,52.88,03-Aug-2023,Shipped
ebfdb100-4034-4202-b34e-5ba1dc07605e,01539221-2331-4a28-8550-eca8ae62990c,490.21,2024-03-22,CANCELLED
e6ccd201-335d-4080-b647-f43f59a14829,9f795228-f553-4567-83e7-dd211d4d46d6,332.71,2023-11-14,Delivered
2731660c-6149-4e42-a42d-03af0e721365,d5a386d9-c362-4810-a261-1b8d9620bee6,332.87,2024-11-12,completed
2f1835b1-39a9-4a45-904b-5372816ea5c2,a520c3d0-fbcd-4f5e-902f-34650b570720,228.46,2024-02-12,Returned
b89f52d2-a873-4d14-95fc-cc1431c034f0,8da00495-5cce-4ba9-b1d4-ee098fd33afc,613.34,2024-10-30,Returned
11c3138b-70c6-4b42-9f0f-f647067ab1d7,9a86013d-f6c9-4d38-86a2-074c61025637,365.0,2024-06-05,Completed
49adb07b-874f-4c5c-9a06-64b93eeb2f03,4264e318-311f-4d4a-8258-9de2cf265489,287.8,2025-04-16,Returned
f6d4461c-8c10-46bf-a4b3-7794293db7fa,9d6b9b62-6b53-4a19-a902-b73fcf39f648,227.66,2024-09-05,completed
10ac72bd-af4c-4dfc-9c82-780f0e84c070,e143a0ad-6d98-467e-8b8f-e98176d6682f,906.52,2024-03-03,Shipped
9e5baabf-0478-4088-88c6-2a79849ebfa5,b24cc64f-be3e-4e57-b30a-9e32aba4fc03,526.55,14-May-2024,Returned
52581086-eecc-4487-b95d-43d62b7f90a5,03fddd08-4b73-461f-8cbe-b6db108ab4de,24.36,2025-01-10,Shipped
1a9226d6-e6c9-4d54-a4bb-879609d68cdc,6789e7d0-a155-4b2c-b37c-f8b563561add,230.18,13-Apr-2024,Cancelled
00e03200-6197-437c-8182-c4813bd14558,7d058c07-01b4-4dfc-b1f4-36eacc8abd69,,13-Dec-2024,
c4c93949-6334-4ca6-904f-0a710ef473a2,b4a2b699-aefa-423b-a13a-9ff93bd13a43,509.17,2024-09-10,completed
c31dfb91-397a-4433-9b64-8ca71ea0dd2d,846c454c-5170-42ef-a777-c6646732ceca,107.02,2024-09-13,completed
12ecaf24-8bab-4c1b-904a-a13409028dd7,38602ab6-96a4-42f2-bae8-cc938dcdcd03,412.55,2024-10-31,Shipped
79f73374-e92a-409b-92f1-8f28a61bdc7d,9db402f1-c359-4dc2-8bd3-72a9ebc78c06,25.77,16-Jul-2023,Returned
484fda28-62d4-4bff-a510-f7b4924d4a86,e9368ad0-f52e-4f63-badf-c7a8aeaf3951,587.82,27-Jun-2025,Shipped
e9058f29-731d-46ec-a303-2bd49db564b5,4e1e2f3d-a910-42b8-8d60-e36488516447,193.1,14-Dec-2024,CANCELLED
9cd3e931-7d95-4e47-aed1-4cec3cd7e0ea,18c30aa9-a013-4044-a041-301d10168d65,,01-Feb-2025,CANCELLED
a2fe9cb4-fcec-4791-bae9-df3f585b8128,5b6d6b7c-54b2-4582-b398-1e9e7cb882a0,303.62,11-Jan-2024,Cancelled
27340be8-e609-4042-ab5f-89447aa83419,cf3ee4aa-594f-4d27-9dcd-0d40d6415102,215.07,18-Jun-2024,Delivered
394d9156-5c31-4125-a123-433f895517ec,57968d64-d470-4dd2-ada5-beb90d527b89,519.59,17-Jun-2024,Completed
2ca26887-bb21-48c4-a318-8a65496fe308,0fd6f47e-f52d-4af2-a69e-d4c980599b93,470.7,2023-10-21,CANCELLED
290a8303-e1c6-47c2-81d8-93a5ffc7aba2,eb25d7e7-e073-4c70-ac20-2d89b7a69c32,565.15,27-Apr-2024,Delivered
ce3200af-6e86-49f1-855c-22adbd71017f,0b3d0c36-17d0-4810-87a2-a10bb62edb49,652.55,11-Apr-2024,completed
690e1a7e-75be-4ba7-8ae4-e09624dc1ee5,9bfe970a-2591-4ffa-89cd-33a65f6f83c5,755.64,18-Feb-2024,Delivered
3a1bba9c-da07-408e-8a9f-a5a1e13ae6f4,9e7f87a7-7721-4daa-9d97-5cdc620956a8,284.37,2025-01-03,Returned
5a5a5dac-a062-4c48-9713-1c2e2001965b,2f589a81-67c5-429b-b400-a5e1dfcb821b,131.48,08-May-2024,Cancelled
e23509a8-6bcf-4fa4-a7e2-020ef11f1e97,cb170945-be88-48e4-943d-bd6ccdbb6c1f,624.74,09-Dec-2023,completed
71a2f6c1-73ca-44e3-bbc3-553b75e8abfe,35edff38-9197-407c-89b7-02ed27dc3b65,196.47,20-May-2024,Returned
537574b0-567a-45f8-9d12-490e76a90f78,7d058c07-01b4-4dfc-b1f4-36eacc8abd69,958.67,2024-04-27,Completed
87a9efaf-b92a-41b7-a213-cdad661d3354,478b2f00-87d7-4309-9e77-21561f76043f,158.99,2024-11-28,Completed
30e31645-b66c-4a03-b78a-a5263efa528c,1e23da4b-9e21-441f-b801-102682f73861,685.58,07-Dec-2023,Returned
bab3d9a3-dfa4-46da-b2b0-74a331d16ea8,9f795228-f553-4567-83e7-dd211d4d46d6,31.27,2024-09-14,
e67d9f00-5d08-4254-9e6e-ac9cc8bc7784,758964f5-1c66-421e-9a79-aec1ddefb7bb,947.97,24-Nov-2024,Delivered
cac5a4c6-c393-4806-9cc8-c8018c573243,a7c24c68-c1ff-4427-9477-d9d7d26580c0,333.04,2024-06-24,completed
36a8d53d-4e90-4e87-a4dd-2fe15ff3fbbf,81300e68-4d45-4885-92e0-8e57a6cb1dda,311.04,2024-05-13,Shipped
8af6d268-1bd0-4f9b-b861-2769242e4cff,f3cef8b7-35b3-4874-991c-228f3754c5ec,489.4,01-May-2024,Completed
d5382419-e798-49bf-8ce1-ca1673cb3b3f,e4a4474c-9b33-43a4-a620-f9a974fd33d1,461.37,2024-11-18,CANCELLED
0d06d891-6980-4e3c-9fa3-fe4bdebf96d3,67899d92-f33c-4c36-9a69-0cadaaab5830,973.47,21-Feb-2025,CANCELLED
e3d21a33-8d3b-41df-9672-67353798fc80,aaef0d3e-085a-4d62-8e4d-89f394cbb94e,245.53,2023-12-02,Shipped
847aefa5-efe7-49dd-a260-dcbea8deeb1c,4d79132c-f362-4408-9457-530573b0220d,192.65,2023-10-30,
061a1396-7167-48ee-b175-82082e292386,0351b09d-0dc5-4b06-8d58-09b7f740d87c,156.46,2024-05-31,Cancelled
aac016bd-9140-495d-a2ce-f95934da1f50,9e44e98c-b359-490e-b030-9aaf85ea16e0,34.68,21-Dec-2024,Returned
ae3dc742-bef8-404b-bbcf-57d745f84c5d,710fc415-8f7c-4071-afef-2c5dd7021edd,14.25,11-Nov-2023,Delivered
66e1608e-a428-4ec4-a7e6-287bc4ecea32,9db402f1-c359-4dc2-8bd3-72a9ebc78c06,479.17,2024-09-10,Cancelled
26932d95-32a3-48fb-8d03-a402c827e7c0,fe0d40b4-6949-4671-be55-33bae8a2f417,569.58,19-Sep-2024,CANCELLED
de373877-3ee6-4872-b7f4-d7f9510588a9,a8149562-da00-4f16-b946-9bcf4082cbb9,901.17,2024-05-15,Delivered
7c976337-ee66-4fd2-833b-14ed216c0ed0,0d01280f-d89a-40c0-a87d-1c78e7c421c7,842.47,2025-01-24,Completed
9cc15301-c36d-42ec-aeda-69bc9c406cbe,79ebb8bb-214b-4473-a375-58676cc56071,587.6,2024-03-02,Delivered
